City_ID,City,Lat,Lng,Max Temp,Humidity,Cloudiness,Wind Speed,Country,Date
0,kruisfontein,-34.0033,24.7314,9.57,72,88,0.38,ZA,1725859608
1,port-aux-francais,-49.35,70.2167,3.32,80,35,10.61,TF,1725859593
2,qaqortoq,60.7167,-46.0333,5.22,63,100,2.85,GL,1725859608
3,adamstown,-25.066,-130.1015,19.18,84,99,13.39,PN,1725859608
4,iqaluit,63.7506,-68.5145,3.85,64,0,4.63,CA,1725859608
5,colonia,50.9333,6.95,15.54,91,75,2.57,DE,1725859609
6,marquette,46.5333,-87.6335,16.61,85,2,1.79,US,1725859609
7,grytviken,-54.2811,-36.5092,1.93,86,85,3.02,GS,1725859609
8,st. john's,47.5649,-52.7093,20.64,98,75,6.17,CA,1725859651
9,ushuaia,-54.8,-68.3,-0.19,69,40,5.66,AR,1725859609
10,brooks,50.5834,-111.8851,20.58,71,53,1.54,CA,1725859502
11,luau,-10.7073,22.2247,19.49,31,68,1.98,AO,1725859609
12,selfoss,63.9331,-20.9971,3.36,82,17,3.6,IS,1725859609
13,taytay,14.5678,121.1394,29.96,84,75,4.12,PH,1725859609
14,port lincoln,-34.7333,135.8667,16.1,58,88,4.74,AU,1725859651
15,bethel,41.3712,-73.414,11.98,83,0,0.45,US,1725859609
16,college,64.8569,-147.8028,10.99,86,75,3.09,US,1725859609
17,una,20.8167,71.0333,28.96,74,88,3.07,IN,1725859609
18,edinburgh of the seven seas,-37.0676,-12.3116,12.74,77,100,6.29,SH,1725859652
19,longyearbyen,78.2186,15.6401,0.91,80,0,6.17,SJ,1725859610
20,laojunmiao,39.8333,97.7333,16.67,35,2,4.8,CN,1725859610
21,waitangi,-43.9535,-176.5597,11.01,92,39,2.24,NZ,1725859610
22,gadzhiyevo,69.2551,33.3362,13.68,83,24,6.46,RU,1725859610
23,stanley,54.868,-1.6985,10.71,94,75,3.09,GB,1725859610
24,pathein,16.7833,94.7333,29.61,77,100,5.55,MM,1725859610
25,jurilovca,44.7667,28.8667,18.62,61,0,3.2,RO,1725859610
26,anadyr,64.75,177.4833,11.28,76,40,4.0,RU,1725859610
27,bandarbeyla,9.4942,50.8122,28.47,57,26,10.93,SO,1725859610
28,aracuai,-16.8497,-42.0703,19.51,71,0,1.75,BR,1725859610
29,taro,-8.3862,115.28,28.54,61,42,2.13,ID,1725859610
30,vilyuchinsk,52.9306,158.4028,16.15,55,77,5.37,RU,1725859610
31,nar'yan-mar,67.6713,53.087,10.96,63,100,6.88,RU,1725859610
32,udachny,66.4167,112.4,10.41,55,62,6.76,RU,1725859610
33,tiksi,71.6872,128.8694,7.68,81,100,5.22,RU,1725859610
34,blackmans bay,-43.0167,147.3167,13.07,83,89,7.53,AU,1725859653
35,gamba,-2.65,10.0,23.73,91,98,2.36,GA,1725859611
36,sitka,57.0531,-135.33,13.94,72,20,4.12,US,1725859611
37,broken hill,-31.95,141.4333,20.36,32,0,4.35,AU,1725859654
38,bilibino,68.0546,166.4372,5.04,78,100,0.65,RU,1725859611
39,kavaratti,10.5669,72.642,27.1,84,100,6.85,IN,1725859611
40,dudinka,69.4058,86.1778,1.32,87,100,8.96,RU,1725859611
41,ribeira grande,38.5167,-28.7,21.54,76,22,4.92,PT,1725859654
42,hamilton,39.1834,-84.5333,12.13,78,0,1.54,US,1725859611
43,kendari,-3.945,122.4989,30.84,51,7,3.89,ID,1725859611
44,yellowknife,62.456,-114.3525,14.2,88,75,0.89,CA,1725859611
45,carnarvon,-24.8667,113.6333,22.46,44,0,4.75,AU,1725859611
46,saipan,15.1355,145.701,29.39,84,40,5.14,MP,1725859611
47,mramani,-12.3464,44.5286,24.69,79,42,1.63,KM,1725859611
48,morozovsk,48.3539,41.8261,19.45,32,68,7.07,RU,1725859611
49,bardai,11.65,7.2333,20.26,96,53,1.28,NG,1725859611
50,richfield,44.8833,-93.283,19.16,74,0,3.09,US,1725859612
51,port mathurin,-19.6833,63.4167,22.27,81,55,8.1,MU,1725859612
52,wau,7.7029,27.9953,23.31,89,92,1.29,SS,1725859612
53,ilulissat,69.2167,-51.1,-0.99,59,75,4.63,GL,1725859612
54,west island,-12.1568,96.8225,27.99,69,20,8.75,CC,1725859655
55,cadale,2.7603,46.3222,26.38,81,100,8.24,SO,1725859612
56,lobujya,27.95,86.8167,5.38,72,57,2.81,NP,1725859612
57,qingnian,36.8456,115.7117,30.76,67,14,5.56,CN,1725859612
58,tindouf,27.6711,-8.1474,27.25,89,84,2.57,DZ,1725859612
59,puerto ayora,-0.7393,-90.3518,20.31,97,100,1.79,EC,1725859656
60,saudarkrokur,65.7461,-19.6394,2.08,100,100,7.55,IS,1725859613
61,nova sintra,14.8667,-24.7167,26.76,79,92,5.86,CV,1725859656
62,xucheng,20.35,110.1288,28.8,79,100,4.14,CN,1725859613
63,eureka,40.8021,-124.1637,13.68,96,62,1.4,US,1725859613
64,tura,25.5198,90.2201,30.61,71,17,2.59,IN,1725859613
65,port elizabeth,-33.918,25.5701,10.17,94,40,1.79,ZA,1725859613
66,westport,41.1415,-73.3579,14.07,77,0,2.57,US,1725859613
67,iskateley,67.6803,53.1512,10.94,63,100,6.88,RU,1725859613
68,taroa,8.7058,171.2275,28.38,75,16,5.89,MH,1725859613
69,heihe,50.2441,127.4902,26.32,40,99,11.24,CN,1725859613
70,saldanha,-33.0117,17.9442,8.03,68,0,5.45,ZA,1725859613
71,bogotol,56.2078,89.5342,10.11,93,100,7.91,RU,1725859613
72,kabompo,-13.5927,24.2008,16.7,42,6,2.21,ZM,1725859613
73,prince rupert,54.3161,-130.3201,12.83,93,100,7.2,CA,1725859657
74,margaret river,-33.95,115.0667,15.04,67,100,3.97,AU,1725859657
75,tabina,7.4669,123.4081,29.53,72,27,3.21,PH,1725859613
76,papatowai,-46.5619,169.4708,9.5,87,99,5.43,NZ,1725859614
77,port alfred,-33.5906,26.891,10.1,94,69,2.59,ZA,1725859614
78,albany,42.6001,-73.9662,13.09,70,26,0.45,US,1725859614
79,justo daract,-33.8594,-65.1828,17.01,44,39,6.7,AR,1725859657
80,shimoda,34.6667,138.95,28.36,78,3,4.7,JP,1725859614
81,posto fiscal rolim de moura,-13.0833,-62.2667,24.34,30,4,0.91,BR,1725859658
82,at taj,24.2049,23.2857,28.75,25,0,2.34,LY,1725859658
83,island harbour,50.724,-1.2758,15.52,68,96,3.13,GB,1725859658
84,bredasdorp,-34.5322,20.0403,7.47,85,59,1.43,ZA,1725859614
85,quellon,-43.1167,-73.6167,7.1,87,97,3.04,CL,1725859614
86,avarua,-21.2078,-159.775,23.03,83,75,3.6,CK,1725859614
87,wailua homesteads,22.0669,-159.378,25.44,76,100,3.6,US,1725859658
88,uturoa,-16.7333,-151.4333,24.94,71,26,9.22,PF,1725859614
89,wainwright,52.839,-110.8572,20.37,28,69,3.91,CA,1725859614
90,aykol,38.1751,77.2132,25.17,20,81,6.06,CN,1725859615
91,nagqu,31.5,92.0,14.19,47,69,1.76,CN,1725859615
92,keflavik,64.0049,-22.5624,3.24,81,75,8.75,IS,1725859615
93,flying fish cove,-10.4217,105.6791,24.82,94,100,4.63,CX,1725859659
94,kodiak,57.79,-152.4072,11.73,87,100,2.06,US,1725859615
95,vorgashor,67.5833,63.95,6.77,65,82,6.25,RU,1725859615
96,camacupa,-12.0167,17.4833,15.2,30,47,0.3,AO,1725859615
97,pemangkat,1.1667,108.9667,27.1,79,99,1.89,ID,1725859615
98,choibalsan,48.0667,114.5,16.51,34,73,12.79,MN,1725859615
99,severo-yeniseyskiy,60.3725,93.0408,4.65,94,100,4.76,RU,1725859615
100,sihanoukville,10.6093,103.5296,29.97,79,40,5.14,KH,1725859615
101,howrah,22.5892,88.3103,29.0,89,75,2.57,IN,1725859615
102,praia da vitoria,38.7333,-27.0667,21.14,73,20,4.18,PT,1725859615
103,uyo,5.0333,7.9266,23.7,94,99,1.33,NG,1725859615
104,ulladulla,-35.35,150.4667,19.93,47,1,3.15,AU,1725859615
105,sinabang,2.4803,96.3801,25.72,85,100,2.78,ID,1725859615
106,pontianak,-0.0333,109.3333,26.99,100,75,1.54,ID,1725859616
107,utrik,11.2278,169.8474,28.33,81,13,8.8,MH,1725859616
108,hagi,34.4,131.4167,29.19,76,23,2.24,JP,1725859616
109,sisimiut,66.9395,-53.6735,1.9,72,3,4.68,GL,1725859616
110,ust-nera,64.5667,143.2,10.38,71,100,1.74,RU,1725859616
111,margate,51.3813,1.3862,15.94,91,44,10.22,GB,1725859616
112,majene,-3.5403,118.9707,30.15,62,73,2.15,ID,1725859616
113,jabor,5.921,169.6434,29.2,73,15,5.97,MH,1725859616
114,jamestown,42.097,-79.2353,11.68,84,0,3.13,US,1725859616
115,limon,10.0,-83.0333,26.88,79,100,1.15,CR,1725859616
116,coquimbo,-29.9533,-71.3436,9.85,100,0,1.54,CL,1725859616
117,rongelap,11.1635,166.8941,28.71,77,79,8.23,MH,1725859616
118,harper,4.375,-7.7169,24.07,86,100,4.29,LR,1725859616
119,serchhip,23.3,92.8333,29.3,79,84,1.15,IN,1725859616
120,kapa'a,22.0752,-159.319,26.18,73,100,3.6,US,1725859616
121,sittwe,20.15,92.9,28.55,83,96,5.26,MM,1725859616
122,tanout,14.9709,8.8879,27.58,59,15,3.32,NE,1725859617
123,invercargill,-46.4,168.35,10.01,88,82,2.24,NZ,1725859483
124,fort bragg,35.139,-79.006,16.75,92,0,0.0,US,1725859662
125,newman,37.3138,-121.0208,25.58,52,0,1.34,US,1725859617
126,la'ie,21.6477,-157.9253,26.66,72,10,0.89,US,1725859617
127,haimen,23.1935,116.6142,28.3,77,100,5.81,CN,1725859617
128,azacualpa,15.3433,-88.5514,22.16,99,100,1.46,HN,1725859617
129,alofi,-19.0595,-169.9187,23.94,94,20,3.6,NU,1725859617
130,kothen,51.75,11.9667,17.62,80,100,7.33,DE,1725859617
131,namibe,-15.1961,12.1522,16.85,90,26,2.94,AO,1725859617
132,sakakah,29.9697,40.2064,29.76,19,0,2.24,SA,1725859617
133,kittila,67.6647,24.8936,14.08,88,0,4.63,FI,1725859617
134,cabo san lucas,22.8909,-109.9124,30.98,53,16,1.34,MX,1725859559
135,hithadhoo,-0.6,73.0833,28.27,72,71,3.6,MV,1725859617
136,sebdou,34.637,-1.3314,19.52,81,0,0.73,DZ,1725859617
137,axim,4.8699,-2.2405,23.6,84,73,2.03,GH,1725859617
138,lazaro cardenas,17.9583,-102.2,26.07,88,100,0.94,MX,1725859618
139,camayenne,9.535,-13.6878,25.05,100,100,3.09,GN,1725859618
140,al muwayh,22.4333,41.7583,32.13,18,31,5.79,SA,1725859663
141,crockett,31.3182,-95.4566,15.35,94,0,0.0,US,1725859617
142,san luis de la loma,17.2706,-100.8939,25.79,88,100,1.63,MX,1725859663
143,urzhar,47.093,81.6294,20.96,25,30,2.2,KZ,1725859618
144,palmer,42.1584,-72.3287,12.37,74,0,1.94,US,1725859618
145,new norfolk,-42.7826,147.0587,9.27,92,80,4.87,AU,1725859618
146,bulawayo,-20.15,28.5833,19.5,35,15,1.18,ZW,1725859618
147,winnemucca,40.973,-117.7357,18.03,25,0,0.0,US,1725859618
148,nova vicosa,-17.8919,-39.3719,21.99,79,26,3.65,BR,1725859664
149,ancud,-41.8697,-73.8203,7.56,91,98,3.85,CL,1725859618
150,ljusdal,61.8288,16.0913,13.51,83,100,1.83,SE,1725859618
151,puerto natales,-51.7236,-72.4875,0.05,82,37,2.65,CL,1725859664
152,cockburn town,21.4612,-71.1419,28.79,82,0,9.47,TC,1725859664
153,saint-philippe,-21.3585,55.7679,22.71,77,17,4.42,RE,1725859619
154,thompson,55.7435,-97.8558,16.09,77,40,1.03,CA,1725859619
155,la passe,45.5549,-0.8967,17.69,91,63,4.59,FR,1725859619
156,makarska,43.2969,17.0178,24.66,65,100,8.14,HR,1725859619
157,deqen,29.9618,90.7188,16.09,53,56,2.83,CN,1725859619
158,gualeguaychu,-33.0094,-58.5172,12.16,88,55,4.66,AR,1725859619
159,otjiwarongo,-20.4637,16.6477,12.85,27,0,2.14,NA,1725859619
160,shingu,33.7333,135.9833,28.58,77,8,4.21,JP,1725859619
161,bamboo flat,11.7,92.7167,30.05,79,75,5.14,IN,1725859619
162,ungsang-nodongjagu,42.3578,130.4622,21.23,66,0,3.64,KP,1725859619
163,hermanus,-34.4187,19.2345,6.56,79,35,5.09,ZA,1725859619
164,quesnel,52.9999,-122.5029,15.28,58,100,5.66,CA,1725859619
165,georgetown,5.4112,100.3354,31.97,60,20,3.6,MY,1725859620
166,fortuna,40.5982,-124.1573,13.53,93,44,1.18,US,1725859620
167,olonkinbyen,70.9221,-8.7187,3.32,94,95,10.47,SJ,1725859620
168,baise city,23.8997,106.6133,27.97,99,100,0.78,CN,1725859620
169,port hedland,-20.3167,118.5667,36.03,11,20,5.66,AU,1725859666
170,kailua-kona,19.6406,-155.9956,26.98,77,0,1.54,US,1725859620
171,fraserburgh,57.6874,-2.0184,10.6,71,58,9.66,GB,1725859620
172,lincheng,19.9078,109.6858,30.9,69,100,1.39,CN,1725859620
173,fortaleza,-3.7227,-38.5247,26.79,78,0,9.26,BR,1725859620
174,nyurba,63.2842,118.3319,11.53,74,100,2.92,RU,1725859620
175,benjamin aceval,-24.9667,-57.5667,21.78,35,58,2.24,PY,1725859667
176,lakatoro,-16.0999,167.4164,25.26,61,25,8.27,VU,1725859620
177,taibet,33.0829,6.3998,23.88,67,98,3.19,DZ,1725859620
178,bayganin,48.6947,55.8742,20.69,32,61,3.03,KZ,1725859620
179,callaway,30.153,-85.5699,23.86,96,100,0.89,US,1725859620
180,khanpur,28.6453,70.6567,37.3,36,0,5.5,PK,1725859620
181,muisne,0.6,-80.0333,24.03,82,99,3.37,EC,1725859621
182,mount gambier,-37.8333,140.7667,13.95,58,78,4.79,AU,1725859667
183,belmonte,-15.8631,-38.8828,20.7,82,1,2.6,BR,1725859621
184,kuta,-8.7233,115.1723,29.97,74,20,4.63,ID,1725859621
185,san patricio,28.017,-97.5169,25.97,66,88,3.22,US,1725859668
186,hadibu,12.65,54.0333,27.17,72,28,6.64,YE,1725859621
187,mata-utu,-13.2816,-176.1745,26.53,76,28,2.78,WF,1725859621
188,sabang,5.8933,95.3214,27.32,78,100,8.42,ID,1725859621
189,capao bonito,-24.0058,-48.3494,19.21,52,2,1.08,BR,1725859668
190,celestun,20.8667,-90.4,26.76,88,97,3.96,MX,1725859621
191,nakhon si thammarat,8.25,100.0,32.63,53,100,5.86,TH,1725859621
192,san andres,12.5847,-81.7006,26.01,94,20,1.54,CO,1725859668
193,colby,39.3958,-101.0524,22.22,50,0,7.72,US,1725859621
194,lerwick,60.1545,-1.1494,9.89,72,100,5.08,GB,1725859621
195,souillac,-20.5167,57.5167,23.21,83,40,3.6,MU,1725859621
196,touros,-5.1989,-35.4608,23.03,85,36,6.11,BR,1725859622
197,nemuro,43.3236,145.575,18.05,73,1,2.73,JP,1725859622
198,grants pass,42.439,-123.3284,22.79,55,4,0.99,US,1725859669
199,ketchikan,55.3422,-131.6461,12.99,82,0,1.54,US,1725859545
200,codrington,-38.2667,141.9667,13.18,74,91,7.93,AU,1725859622
201,bellefonte,40.9134,-77.7783,9.67,86,0,1.54,US,1725859622
202,brasileia,-11.0161,-68.7481,25.5,34,39,0.15,BR,1725859622
203,vila franca do campo,37.7167,-25.4333,20.23,99,56,3.17,PT,1725859669
204,homer,59.6425,-151.5483,13.21,87,100,1.54,US,1725859622
205,fale old settlement,-9.3852,-171.2468,28.01,76,9,5.53,TK,1725859670
206,itoman,26.1247,127.6694,27.43,87,75,8.23,JP,1725859622
207,isabela,6.7085,121.9711,29.03,73,46,2.49,PH,1725859444
208,punta arenas,-53.15,-70.9167,-0.94,93,20,5.14,CL,1725859670
209,chibougamau,49.9168,-74.3659,7.79,100,100,5.66,CA,1725859622
210,lang son,21.8333,106.7333,26.43,88,100,2.8,VN,1725859622
211,jianguang,28.1938,115.7836,35.17,49,0,3.13,CN,1725859622
212,khandyga,62.6667,135.6,9.65,65,100,2.25,RU,1725859623
213,thurso,58.5927,-3.5259,9.14,74,63,7.15,GB,1725859623
214,severnoye,56.3491,78.3619,14.22,88,89,2.93,RU,1725859623
215,faya-largeau,17.9257,19.1043,32.04,26,15,2.09,TD,1725859623
216,okhotsk,59.3833,143.3,14.79,63,35,3.19,RU,1725859623
217,hawaiian paradise park,19.5933,-154.9731,24.93,80,100,0.0,US,1725859671
218,tromso,69.6496,18.957,12.01,87,0,1.03,NO,1725859623
219,afaahiti,-17.75,-149.2833,22.63,68,25,8.64,PF,1725859623
220,minot air force base,48.4209,-101.3391,19.1,51,0,3.6,US,1725859623
221,flowery branch,34.1851,-83.9252,18.79,76,0,3.09,US,1725859623
222,varash,51.3485,25.8497,13.07,33,1,3.95,UA,1725859623
223,isafjordur,66.0755,-23.124,1.65,65,98,10.76,IS,1725859623
224,siverskiy,59.3544,30.0783,13.36,72,5,1.82,RU,1725859623
225,tateyama,34.9833,139.8667,28.91,73,3,4.46,JP,1725859623
226,puerto baquerizo moreno,-0.9,-89.6,21.05,86,90,4.37,EC,1725859671
227,east london,-33.0153,27.9116,9.52,93,0,4.63,ZA,1725859600
228,oamaru,-45.0784,170.9801,15.21,46,55,0.45,NZ,1725859624
229,port saint john's,-31.6229,29.5448,13.68,80,100,4.91,ZA,1725859672
230,puerto aysen,-45.4,-72.7,4.18,100,100,1.41,CL,1725859672
231,grand gaube,-20.0064,57.6608,24.65,76,92,2.68,MU,1725859672
232,sola,-13.8833,167.55,25.02,67,48,11.57,VU,1725859624
233,tsiombe,-25.3,45.4833,25.89,53,0,0.71,MG,1725859624
234,lompoc,34.6391,-120.4579,13.4,100,100,2.06,US,1725859624
235,brigantine,39.4101,-74.3646,16.68,77,0,1.54,US,1725859624
236,acapulco de juarez,16.8634,-99.8901,26.9,89,100,2.57,MX,1725859624
237,sohar,24.3643,56.7468,33.01,75,0,2.57,OM,1725859624
238,ak-suu,42.4995,78.527,16.13,34,99,2.74,KG,1725859624
239,kyzyl,51.7,94.45,15.74,37,81,1.07,RU,1725859624
240,huangshan,29.7114,118.3125,35.41,42,2,2.35,CN,1725859625
241,weno,7.4515,151.8468,30.97,74,100,2.06,FM,1725859625
242,kota tinggi,1.7381,103.8999,32.86,60,96,2.75,MY,1725859673
243,chui,-33.6971,-53.4616,13.71,96,100,2.88,UY,1725859625
244,coaldale,49.7167,-112.6185,15.55,58,0,4.12,CA,1725859625
245,luderitz,-26.6481,15.1594,11.02,61,0,4.77,NA,1725859625
246,auki,-8.7676,160.7034,25.8,86,96,2.21,SB,1725859625
247,anna regina,7.2644,-58.5077,27.86,77,6,3.47,GY,1725859673
248,ad dilam,23.9915,47.1627,32.43,23,0,0.36,SA,1725859674
249,valparaiso,-33.0393,-71.6273,8.8,93,0,1.03,CL,1725859625
250,stettler,52.3168,-112.7186,19.36,36,61,4.02,CA,1725859625
251,male,4.1748,73.5089,31.97,70,75,4.63,MV,1725859625
252,aykhal,66.0,111.5,6.86,73,89,7.17,RU,1725859367
253,kingston,17.997,-76.7936,29.53,79,20,3.6,JM,1725859625
254,acajutla,13.5928,-89.8275,26.36,85,97,3.6,SV,1725859625
255,ghat,24.9647,10.1728,31.38,38,99,2.68,LY,1725859626
256,polyarnyy,69.1989,33.4478,13.61,83,23,6.96,RU,1725859626
257,palopo,-2.9996,120.1921,28.3,79,53,2.18,ID,1725859626
258,sagaing,21.8787,95.9797,32.1,70,75,2.57,MM,1725859626
259,haiku-pauwela,20.9219,-156.3051,25.01,79,20,4.63,US,1725859626
260,portland,45.5234,-122.6762,21.11,77,0,4.63,US,1725859269
261,berezovyy,51.6667,135.7,23.12,33,82,2.47,RU,1725859626
262,ad dabbah,18.05,30.95,33.21,21,3,2.43,SD,1725859675
263,aasiaat,68.7098,-52.8699,1.23,76,74,3.24,GL,1725859626
264,azangaro,-14.9167,-70.2167,3.28,74,24,1.97,PE,1725859626
265,shahrak,34.1074,64.3052,16.18,22,0,2.61,AF,1725859626
266,al hilaliyya,14.9398,33.234,28.25,64,80,4.56,SD,1725859675
267,jutai,-5.1833,-68.9,27.92,43,74,1.59,BR,1725859626
268,kulu,39.0951,33.0799,19.91,54,7,1.68,TR,1725859626
269,pacific grove,36.6177,-121.9166,14.25,93,100,3.58,US,1725859532
270,porto novo,6.4965,2.6036,23.9,91,40,1.97,BJ,1725859626
271,gannan,47.9147,123.5031,25.13,63,97,9.72,CN,1725859627
272,saint croix,17.7397,-64.7388,27.25,86,40,3.09,VI,1725859676
273,belel,7.05,14.4333,15.35,95,96,0.93,CM,1725859627
274,belfast,54.5833,-5.9333,11.9,65,100,4.12,GB,1725859627
275,ishigaki,24.3448,124.1572,28.07,89,75,8.75,JP,1725859627
276,maisi,43.0395,41.2621,21.42,59,90,0.92,GE,1725859627
277,chonchi,-42.6128,-73.8092,7.84,95,75,1.28,CL,1725859627
278,badger,64.8,-147.5333,10.95,93,100,3.09,US,1725859627
279,behbahan,30.5959,50.2417,35.92,12,0,1.0,IR,1725859627
280,lihue,21.9789,-159.3672,25.77,75,100,3.6,US,1725859627
281,ra's bayrut,33.9,35.4833,30.05,65,20,1.03,LB,1725859676
282,talnakh,69.4865,88.3972,0.76,97,100,7.14,RU,1725859627
283,inari,68.906,27.0288,13.88,87,18,5.19,FI,1725859627
284,alice springs,-23.7,133.8833,24.75,27,20,6.69,AU,1725859677
285,rubtsovsk,51.5,81.25,16.64,63,94,2.61,RU,1725859627
286,champerico,14.3,-91.9167,26.28,88,100,4.74,GT,1725859628
287,wickenburg,33.9686,-112.7296,30.55,24,3,0.45,US,1725859628
288,atafu village,-8.5421,-172.5159,28.35,71,7,8.03,TK,1725859677
289,nantucket,41.2835,-70.0995,14.06,72,0,2.57,US,1725859628
290,valadares,41.1474,-7.9812,7.64,97,1,0.45,PT,1725859628
291,antsohihy,-14.8796,47.9875,26.24,46,5,2.61,MG,1725859628
292,al marj,32.488,20.8317,22.36,84,64,0.94,LY,1725859628
293,krusevac,43.58,21.3339,18.65,42,42,2.07,RS,1725859628
294,scarborough,54.2797,-0.4044,12.18,94,100,1.34,GB,1725859628
295,castillos,-34.1667,-53.8333,12.12,98,100,2.03,UY,1725859628
296,la ronge,55.1001,-105.2842,18.14,72,20,1.54,CA,1725859628
297,ishige,36.1167,139.9667,31.71,52,76,3.53,JP,1725859628
298,hasaki,35.7333,140.8333,27.72,76,12,3.38,JP,1725859628
299,nuku'alofa,-21.1333,-175.2,23.19,94,75,5.14,TO,1725859629
300,antsiranana,-12.2787,49.2917,26.42,53,20,9.26,MG,1725859629
301,ciudad bolivar,8.1222,-63.5497,27.36,70,32,2.95,VE,1725859678
302,kununurra,-15.7667,128.7333,34.99,28,75,3.09,AU,1725859629
303,nadi,-17.8,177.4167,26.0,61,40,1.54,FJ,1725859629
304,laguna,38.421,-121.4238,27.76,42,0,0.0,US,1725859629
305,kerikeri,-35.2268,173.9474,16.06,74,96,3.13,NZ,1725859629
306,constantia,44.1833,28.65,17.61,56,0,3.62,RO,1725859629
307,dalandzadgad,43.5708,104.425,13.88,24,0,4.25,MN,1725859629
308,torrington,41.8007,-73.1212,10.66,92,0,2.9,US,1725859629
309,jumla,29.2747,82.1838,22.04,55,5,2.73,NP,1725859629
310,san antonio oeste,-40.7319,-64.9477,13.02,34,63,4.74,AR,1725859679
311,severobaykal'sk,55.65,109.3167,8.4,80,100,3.44,RU,1725859629
312,kone,-21.0595,164.8658,25.81,43,32,2.95,NC,1725859630
313,iskushuban,10.2837,50.23,31.96,36,26,11.07,SO,1725859630
314,boca chica,18.4537,-69.6111,26.06,94,40,2.57,DO,1725859679
315,turkmenbasy,40.0222,52.9552,26.43,13,0,6.17,TM,1725859630
316,mazagao,-0.115,-51.2894,25.23,85,17,2.42,BR,1725859630
317,fernie,49.5,-115.0687,19.18,35,42,1.67,CA,1725859630
318,twante,16.7167,95.9333,28.87,82,100,4.63,MM,1725859630
319,hastings,50.8552,0.5729,15.86,56,76,8.61,GB,1725859630
320,ulysses,37.5814,-101.3552,21.32,38,33,7.41,US,1725859630
321,akureyri,65.6835,-18.0878,2.96,87,100,0.51,IS,1725859630
322,lamu,-2.2717,40.902,25.6,80,44,6.24,KE,1725859630
323,kalengwa,-13.4659,25.0027,16.86,46,2,1.77,ZM,1725859630
324,enewetak,11.3474,162.3373,29.02,77,32,7.89,MH,1725859630
325,chiffa,36.4629,2.7387,24.23,73,10,0.53,DZ,1725859631
326,sandnessjoen,66.0217,12.6316,22.06,56,75,8.75,NO,1725859631
327,morehead city,34.7229,-76.726,20.56,83,100,0.89,US,1725859681
328,fort st. john,56.2499,-120.8529,9.94,100,100,1.03,CA,1725859631
329,crane,31.3974,-102.3501,22.75,42,0,4.55,US,1725859631
330,opuwo,-18.0607,13.84,15.51,35,0,1.77,NA,1725859631
331,zhanaozen,43.3,52.8,22.31,22,35,6.4,KZ,1725859631
332,brookhaven,31.5791,-90.4407,17.84,43,0,2.56,US,1725859631
333,kuala belait,4.5833,114.1833,31.33,61,85,2.83,BN,1725859681
334,patos,-7.0244,-37.28,21.62,76,1,7.29,BR,1725859631
335,makubetsu,45.3714,141.8211,20.84,56,75,2.57,JP,1725859631
336,mao,39.8885,4.2658,21.31,73,0,5.66,ES,1725859631
337,howard springs,-12.497,131.047,35.55,35,58,4.17,AU,1725859682
338,andergrove,-21.0833,149.1833,23.29,61,47,4.51,AU,1725859631
339,coyhaique,-45.5752,-72.0662,2.54,98,95,2.57,CL,1725859632
340,gulfport,30.3674,-89.0928,26.03,65,100,3.6,US,1725859632
341,song cau,13.45,109.2167,33.8,53,100,2.8,VN,1725859682
342,al lagowa,11.4,29.1333,23.9,82,70,1.96,SD,1725859682
343,cherdyn',60.403,56.4787,15.47,67,2,0.8,RU,1725859632
344,susuman,62.7833,148.1667,10.22,58,90,0.97,RU,1725859632
345,mirnyy,62.5353,113.9611,9.62,80,100,3.02,RU,1725859632
346,montrose,38.4166,-108.2673,10.4,44,59,1.38,US,1725859403
347,amos,48.5669,-78.1162,4.87,72,73,3.62,CA,1725859632
348,vavoua,7.3819,-6.4778,21.65,99,100,1.55,CI,1725859632
349,cruz alta,-28.6386,-53.6064,20.84,60,25,3.55,BR,1725859683
350,daru,-9.0763,143.2092,26.92,68,36,5.3,PG,1725859632
351,mana,5.6592,-53.7767,25.66,86,5,5.44,GF,1725859632
352,santanyi,39.3546,3.1291,21.75,78,0,4.15,ES,1725859632
353,whitehorse,60.7161,-135.0538,8.78,95,75,2.06,CA,1725859632
354,aldinga beach,-35.2793,138.4604,15.6,70,99,5.31,AU,1725859683
355,ulanhot,46.0833,122.0833,24.01,72,100,8.4,CN,1725859633
356,hami,42.8,93.45,23.54,17,0,2.53,CN,1725859633
357,plastun,44.7561,136.2939,21.85,64,21,2.93,RU,1725859633
358,moree,-29.4667,149.85,16.8,58,100,1.15,AU,1725859633
359,makinsk,52.6292,70.4169,15.65,69,80,3.59,KZ,1725859633
360,jiagedaqi,50.4167,124.1167,25.1,48,100,7.4,CN,1725859633
361,angaur state,6.906,134.13,29.11,76,40,5.99,PW,1725859684
362,ambato,-1.2491,-78.6168,10.81,70,98,4.02,EC,1725859633
363,qusmuryn,52.4503,64.6311,19.94,68,46,4.5,KZ,1725859633
364,tazovsky,67.4667,78.7,3.04,65,99,11.21,RU,1725859633
365,strezhevoy,60.7333,77.5889,7.11,53,100,5.65,RU,1725859633
366,hassi messaoud,31.6804,6.0729,31.92,51,40,5.66,DZ,1725859633
367,al jawf,29.5,38.75,27.33,32,0,1.87,SA,1725859684
368,mawu,34.4307,104.9176,9.53,92,100,3.7,CN,1725859633
369,mizdah,31.4451,12.9801,27.16,56,58,2.05,LY,1725859633
370,zyrya,40.3661,50.2917,27.05,60,5,7.56,AZ,1725859634
371,kyshtovka,56.555,76.6271,15.94,81,87,3.62,RU,1725859634
372,arys,42.4252,68.795,21.4,25,79,3.82,KZ,1725859635
373,cooma,-36.2333,149.1333,15.42,36,5,5.39,AU,1725859635
374,ebon,4.582,168.6964,29.19,72,63,6.58,MH,1725859635
375,guarapari,-20.6667,-40.4975,21.2,90,35,4.11,BR,1725859635
376,leava,-14.3,-178.1667,25.82,78,82,6.52,WF,1725859635
377,gagarin,55.5529,34.9954,15.53,67,77,2.57,RU,1725859635
378,tupaciguara,-18.5922,-48.705,21.71,31,0,1.96,BR,1725859635
379,callao,-12.0667,-77.15,16.51,82,100,3.6,PE,1725859636
380,gbarnga,6.9956,-9.4722,21.53,100,100,0.43,LR,1725859636
381,iskitim,54.6366,83.3045,11.23,93,100,5.05,RU,1725859636
382,bata,1.8639,9.7658,24.63,91,100,2.34,GQ,1725859636
383,atar,20.5169,-13.0499,32.82,38,16,2.44,MR,1725859636
384,ataq,14.5377,46.8319,28.53,44,3,3.94,YE,1725859636
385,kenai,60.5544,-151.2583,12.05,89,100,3.6,US,1725859636
386,squamish,49.7014,-123.1512,19.92,81,14,1.34,CA,1725859636
387,beira,-19.8436,34.8389,20.05,94,0,1.54,MZ,1725859636
388,pueblo,38.2545,-104.6091,21.38,42,0,4.63,US,1725859636
389,amga,60.8953,131.9608,9.06,90,100,1.05,RU,1725859636
390,viseu,40.661,-7.9097,10.38,93,7,1.21,PT,1725859636
391,edd,13.9297,41.6925,33.06,47,9,2.44,ER,1725859637
392,yuzhno-kurilsk,44.0306,145.8556,18.97,57,0,4.96,RU,1725859637
393,lorengau,-2.0226,147.2712,28.65,72,51,7.17,PG,1725859637
394,brandon,27.9378,-82.2859,26.93,93,0,0.89,US,1725859637
395,luchegorsk,46.4764,134.2569,24.32,64,77,2.56,RU,1725859637
396,la tuque,47.4334,-72.7824,9.14,87,100,3.6,CA,1725859688
397,lai chau,22.3997,103.4517,19.38,100,100,0.47,VN,1725859637
398,pallasovka,50.05,46.8833,23.66,34,46,2.95,RU,1725859637
399,lebu,-37.6167,-73.65,8.28,85,99,1.84,CL,1725859637
400,mongu,-15.2484,23.1274,16.92,38,5,2.43,ZM,1725859637
401,colchani,-20.3,-66.9333,8.39,53,100,4.83,BO,1725859637
402,joensuu,62.6012,29.7632,12.27,100,0,3.09,FI,1725859638
403,turpan,42.9333,89.1667,27.33,14,0,2.33,CN,1725859638
404,tahe,52.3333,124.7333,24.11,45,100,6.1,CN,1725859638
405,kulunda,52.566,78.9385,15.37,61,100,3.91,RU,1725859359
406,mili,6.0815,171.735,28.6,78,22,6.14,MH,1725859638
407,el nido,11.1858,119.3956,30.38,65,65,3.19,PH,1725859690
408,las tejerias,10.2524,-67.1847,21.58,92,30,1.53,VE,1725859690
409,mount pearl,47.5166,-52.7813,20.18,95,75,6.17,CA,1725859547
410,isfahan,32.6572,51.6776,23.8,21,0,1.46,IR,1725859638
411,villamontes,-21.25,-63.5,20.55,41,86,1.28,BO,1725859638
412,miramichi,47.0043,-65.4654,7.74,79,26,2.35,CA,1725859638
413,wahpeton,46.2652,-96.6059,14.01,100,0,2.57,US,1725859638
414,totness,5.8833,-56.3167,27.26,86,8,5.39,SR,1725859638
415,sungai penuh,-2.0833,101.3833,21.4,92,94,1.1,ID,1725859690
416,namsos,64.4662,11.4957,20.95,64,0,3.6,NO,1725859639
417,tual,-5.6667,132.75,26.53,76,62,8.1,ID,1725859639
418,bridgewater,44.3835,-64.5155,11.82,94,31,3.6,CA,1725859639
419,zeya,53.75,127.2667,22.81,51,91,6.97,RU,1725859639
420,plettenberg bay,-34.0527,23.3716,11.72,68,89,3.06,ZA,1725859691
421,qamdo,31.1667,97.2333,18.69,38,69,1.43,CN,1725859639
422,cururupu,-1.8283,-44.8683,25.05,80,3,2.22,BR,1725859639
423,tandalti,13.0167,31.8667,27.33,68,100,5.03,SD,1725859639
424,hohhot,40.8106,111.6522,22.16,49,40,5.0,CN,1725859639
425,kargil,34.5667,76.1,12.58,34,0,1.81,IN,1725859639
426,nouadhibou,20.931,-17.0347,21.99,78,91,6.17,MR,1725859639
427,burang,30.25,81.1667,11.71,60,60,2.2,CN,1725859639
428,mount isa,-20.7333,139.5,31.87,20,3,3.6,AU,1725859692
429,thunder bay,48.4001,-89.3168,10.99,100,0,1.54,CA,1725859692
430,rio gallegos,-51.6226,-69.2181,1.03,75,0,7.72,AR,1725859692
431,khovd,48.0056,91.6419,15.35,21,11,2.32,MN,1725859640
432,vilyuysk,63.7553,121.6247,11.17,77,94,2.68,RU,1725859640
433,mariental,-24.6333,17.9667,8.95,25,0,4.26,NA,1725859640
434,hammerfest,70.6634,23.6821,17.25,77,0,2.06,NO,1725859640
435,pacocha,-17.5833,-71.3333,15.69,86,75,2.33,PE,1725859640
436,mejit,10.2753,170.8646,28.21,80,44,8.05,MH,1725859640
437,krasnoshchekovo,51.6708,82.7289,15.86,67,97,3.61,RU,1725859640
438,torghay,49.6339,63.4981,19.71,40,1,2.54,KZ,1725859640
439,oodweyne,9.4092,45.064,26.6,39,40,9.19,SO,1725859640
440,neosho,36.869,-94.368,13.93,68,0,0.45,US,1725859640
441,dickson,36.077,-87.3878,14.11,75,100,1.54,US,1725859641
442,hengchun,22.0042,120.7439,30.05,68,18,1.8,TW,1725859641
443,isola delle femmine,38.1935,13.2488,24.94,88,75,3.09,IT,1725859693
444,petropavlovsk-kamchatsky,53.0452,158.6483,15.33,44,75,6.0,RU,1725859641
445,niafunke,15.9322,-3.9906,27.86,69,0,4.63,ML,1725859641
446,sampit,-2.5333,112.95,29.86,76,83,1.8,ID,1725859641
447,constitucion,-35.3333,-72.4167,9.67,75,77,3.27,CL,1725859641
448,san isidro,-12.1167,-77.05,16.12,86,100,3.6,PE,1725859693
449,adis zemen,12.1167,37.7833,17.1,83,78,1.48,ET,1725859693
450,salalah,17.0151,54.0924,26.51,84,100,2.78,OM,1725859641
451,minas de marcona,-15.2119,-75.1103,10.8,86,74,5.28,PE,1725859641
452,camp verde,34.5636,-111.8543,26.26,45,78,2.09,US,1725859694
453,pisco,-13.7,-76.2167,16.12,82,87,2.57,PE,1725859641
454,beau vallon,-20.4189,57.6953,23.13,83,40,3.6,MU,1725859694
455,lodwar,3.1191,35.5973,27.6,49,96,6.85,KE,1725859641
456,priob'ye,62.5206,65.5964,9.93,57,16,0.84,RU,1725859642
457,usinsk,65.9939,57.5281,9.16,64,69,4.25,RU,1725859642
458,osorno,-40.5667,-73.15,3.17,100,50,1.03,CL,1725859642
459,apam,5.2848,-0.7371,22.36,92,70,2.5,GH,1725859642
460,trincomalee,8.5711,81.2335,30.17,67,100,8.48,LK,1725859642
461,freetown,8.484,-13.2299,24.84,88,75,3.09,SL,1725859642
462,inirida,3.8653,-67.9239,22.77,98,16,0.47,CO,1725859642
463,big spring,32.2504,-101.4787,21.8,59,0,3.09,US,1725859695
464,tosontsengel,48.7567,98.2839,10.69,32,3,5.0,MN,1725859642
465,arkhangel'sk,64.5401,40.5433,15.06,88,0,2.0,RU,1725859642
466,ceerigaabo,10.6162,47.368,21.36,48,19,9.87,SO,1725859642
467,san antonio de pale,-1.4014,5.6325,24.11,84,98,5.39,GQ,1725859695
468,katsuren-haebaru,26.3369,127.8719,27.43,88,75,4.63,JP,1725859642
469,meadow lake,34.8014,-106.5436,22.71,35,8,4.85,US,1725859695
470,araxa,-19.5933,-46.9406,18.81,42,0,2.44,BR,1725859642
471,vorkuta,67.5,64.0,7.09,64,81,6.3,RU,1725859643
472,ma'rib,15.4591,45.3253,32.06,9,3,2.77,YE,1725859643
473,imbituba,-28.24,-48.6703,15.76,98,34,1.98,BR,1725859643
474,tabou,4.423,-7.3528,23.92,87,100,3.93,CI,1725859643
475,santa cruz,-17.8,-63.1667,22.7,83,0,1.54,BO,1725859696
476,vokhtoga,58.8147,41.0461,15.9,68,6,0.95,RU,1725859643
477,havre,49.5833,0.3333,16.87,88,100,9.77,FR,1725859643
478,ust'-kulom,61.6864,53.6902,14.33,79,54,0.31,RU,1725859643
479,spring creek,40.7266,-115.5859,21.89,35,10,1.34,US,1725859696
480,tupancireta,-29.0806,-53.8358,20.11,79,60,3.66,BR,1725859643
481,sibi,29.5448,67.8764,35.35,39,0,1.52,PK,1725859643
482,zima,53.9202,102.0442,10.38,74,100,4.97,RU,1725859643
483,vila velha,-20.3297,-40.2925,22.97,90,75,3.09,BR,1725859643
484,happy valley-goose bay,53.3168,-60.3315,14.17,100,100,2.57,CA,1725859697
485,korla,41.7597,86.1469,22.91,26,11,1.82,CN,1725859644
486,lai,9.3952,16.2989,22.21,95,98,0.72,TD,1725859644
487,pasuquin,18.3328,120.6177,28.97,79,75,4.63,PH,1725859644
488,taco pozo,-25.6167,-63.2833,21.39,48,0,2.49,AR,1725859697
489,naze,28.3667,129.4833,25.51,88,100,9.09,JP,1725859644
490,feltre,46.0235,11.907,19.77,97,100,1.39,IT,1725859644
491,nadym,65.5333,72.5167,6.93,56,66,7.2,RU,1725859644
492,solleftea,63.1667,17.2667,15.92,88,99,2.6,SE,1725859644
493,tamandare,-8.7597,-35.1047,22.54,86,61,5.39,BR,1725859644
494,prien,30.1819,-93.2738,22.99,55,0,6.17,US,1725859644
495,el matama,16.7095,33.3565,31.86,44,31,4.21,SD,1725859645
496,luanco,43.6152,-5.7934,17.23,82,23,2.9,ES,1725859645
497,palmares do sul,-30.2578,-50.5097,16.88,98,50,0.56,BR,1725859698
498,lata,40.1629,-8.3327,11.71,98,57,0.87,PT,1725859645
499,nili,33.7218,66.1302,18.4,15,0,2.8,AF,1725859645
500,flin flon,54.7682,-101.865,16.32,66,25,3.03,CA,1725859698
501,vadso,70.0744,29.7487,14.09,88,20,3.09,NO,1725859645
502,morki,56.4303,48.9947,19.75,56,100,1.33,RU,1725859645
503,oqtosh,39.9214,65.9253,20.13,22,0,2.98,UZ,1725859645
504,johi,26.6921,67.6133,35.65,46,1,3.26,PK,1725859645
505,egilsstadir,65.2653,-14.3948,4.95,60,75,5.14,IS,1725859645
506,fatehpur chaurasi,26.7833,80.2667,35.45,46,32,3.01,IN,1725859699
507,fray luis beltran,-39.3167,-65.7667,13.55,22,97,3.37,AR,1725859699
508,nazarabad,35.9521,50.6075,22.45,43,0,1.86,IR,1725859645
509,abomey,7.1829,1.9912,20.97,90,11,1.47,BJ,1725859645
510,sur,22.5667,59.5289,32.3,52,0,1.0,OM,1725859646
511,bhimunipatnam,17.8833,83.4333,26.73,91,100,4.0,IN,1725859646
512,berriane,32.8265,3.7669,26.05,65,46,3.23,DZ,1725859646
513,dolores,-36.3132,-57.6792,9.94,74,94,3.29,AR,1725859646
514,ouesso,1.6136,16.0517,20.7,99,77,0.5,CG,1725859646
515,dakhla,23.6848,-15.958,20.34,90,96,9.24,EH,1725859646
516,sos'va,59.1766,61.8558,16.96,66,72,1.76,RU,1725859646
517,longboat key,27.4125,-82.659,27.78,70,40,2.57,US,1725859646
518,dehloran,32.6941,47.2679,39.11,9,0,1.7,IR,1725859646
519,maturin,9.75,-63.1767,24.91,100,87,1.54,VE,1725859646
520,ivdel',60.6911,60.4206,14.25,63,8,1.06,RU,1725859646
521,akrehamn,59.2667,5.1833,17.14,94,100,6.17,NO,1725859647
522,caleta de carquin,-11.0925,-77.6267,16.99,85,21,3.41,PE,1725859647
523,northam,51.0333,-4.2167,13.67,85,71,7.57,GB,1725859647
524,bayanhongor,46.7167,100.1167,7.48,26,18,1.75,MN,1725859647
525,sterling,39.0062,-77.4286,12.53,77,0,0.0,US,1725859647
526,tobol'sk,58.2,68.2667,12.96,87,73,3.56,RU,1725859647
527,n'zeto,-7.2312,12.8666,21.39,87,100,2.67,AO,1725859647
528,homs,34.7268,36.7234,25.96,49,1,0.92,SY,1725859647
529,east ballina,-28.8667,153.5833,21.51,76,62,4.33,AU,1725859701
530,okha,53.5739,142.9478,14.32,54,1,5.74,RU,1725859647
531,al mayadin,35.0209,40.4535,32.68,29,0,2.63,SY,1725859647
532,yeppoon,-23.1333,150.7333,22.12,66,0,4.38,AU,1725859647
533,darab,28.7519,54.5444,32.52,18,0,0.64,IR,1725859647
534,toliara,-23.35,43.6667,26.93,47,0,1.68,MG,1725859647
535,fisterra,42.9049,-9.2629,16.98,89,82,1.79,ES,1725859647
536,wattegama,6.7989,81.4808,29.94,55,97,5.53,LK,1725859648
537,santa ana,33.7456,-117.8678,31.63,46,0,0.89,US,1725859703
538,i-n-salah,27.1935,2.4607,34.25,37,66,1.85,DZ,1725859648
539,aripuana,-9.1667,-60.6333,24.29,34,9,0.92,BR,1725859648
540,smithers,54.7804,-127.1743,11.18,76,75,9.26,CA,1725859648
541,colares,38.7992,-9.4469,18.27,84,1,7.26,PT,1725859648
542,rio grande,-32.035,-52.0986,15.03,90,100,5.82,BR,1725859648
543,goderich,43.7501,-81.7165,18.18,68,49,6.69,CA,1725859648
544,raduzhny,62.0961,77.475,6.57,55,99,6.91,RU,1725859648
545,yinchuan,38.4681,106.2731,16.61,71,100,2.78,CN,1725859648
546,yokadouma,3.5167,15.05,20.07,99,33,0.38,CM,1725859648
547,hue,16.4667,107.6,35.06,52,20,4.63,VN,1725859648
548,silsbee,30.3491,-94.178,21.58,82,0,2.11,US,1725859648
549,mammoth lakes,37.6485,-118.9721,18.4,22,0,5.66,US,1725859705
550,maragogi,-9.0122,-35.2225,22.3,86,79,5.28,BR,1725859648
551,arawa,-6.2132,155.5367,28.24,84,59,2.45,PG,1725859649
552,al kharijah,25.4514,30.5464,28.58,32,0,1.89,EG,1725859705
553,ust'-ilimsk,58.0006,102.6619,10.75,73,95,4.58,RU,1725859649
554,trinidad,-14.8333,-64.9,26.75,28,0,0.55,BO,1725859649
555,stornoway,58.2093,-6.3865,9.98,89,100,2.06,GB,1725859649
556,talipparamba,12.05,75.35,27.6,77,100,2.34,IN,1725859649
557,kayes,14.0,-11.0,22.21,95,100,1.88,ML,1725859649
558,ta`u,-14.2336,-169.5144,26.54,84,57,7.48,AS,1725859649
559,aral,40.5156,81.2636,25.81,23,80,3.75,CN,1725859649
560,pirallahi,40.4723,50.333,27.08,58,6,7.54,AZ,1725859649
561,cartagena,10.3997,-75.5144,27.79,82,0,1.03,CO,1725859650
562,siwa oasis,29.2041,25.5195,27.06,56,0,2.18,EG,1725859706
563,tulunan,6.8344,124.8769,31.24,67,100,1.65,PH,1725859650
564,nkhotakota,-12.9274,34.2961,24.24,54,29,0.8,MW,1725859650
565,midhurst,50.9856,-0.74,15.5,95,100,5.44,GB,1725859650
566,labrador city,52.9463,-66.9114,10.1,92,75,5.36,CA,1725859706
567,tralee,52.2704,-9.7026,10.18,84,95,3.21,IE,1725859650
